Fl No.,AC Type
BA065,772
EK719,773
ET302,738
ET304,738
ET306,B73
ET308,737
ET308,738
EY641,320
G9734,320
KL565,747
KQ101,788
KQ117,773
KQ205,738
KQ251,E90
KQ252,737
KQ257,E90
KQ311,788
KQ349,E90
KQ351,E90
KQ353,E90
KQ403,E90
KQ411,737
KQ413,737
KQ415,E90
KQ417,E90
KQ419,E90
KQ433,E90
KQ437,E90
KQ444,E90
KQ447,E90
KQ448,E90
KQ481,738
KQ483,E90
KQ485,E90
KQ487,E90
KQ489,E90
KQ495,E90
KQ509,738
KQ521,738
KQ522,738
KQ524,738
KQ533,738
KQ537,E90
KQ542,738
KQ555,788
KQ584,737
KQ586,738
KQ601,E90
KQ603,738
KQ605,E90
KQ607,E90
KQ609,E90
KQ611,E90
KQ617,E90
KQ619,E90
KQ625,E90
KQ641,E90
KQ651,E90
KQ655,E90
KQ657,E90
KQ671,738
KQ671,E90
KQ704,E90
KQ704,738
KQ717,E90
KQ720,E90
KQ731,E90
KQ749,E90
KQ752,737
KQ761,738
KQ763,738
KQ765,738
KQ8603,73J
KQ8607,737
KQ8609,737
KQ8651,AT7
KQ8655,AT7
KQ8661,AT7
KQ8665,AT7
KQ8681,AT7
KQ8691,AT7
KQ8693,AT7
KQ887,788
LX294,330
MK534,332
MS849,320
PW715,AT7
PW723,AT7
PW725,AT7
PW727,AT7
QR1337,320
QR1339,320
SA184,320
SN463,332
SV431,320
TK6510,330
TM4462,E90
WB402,CRJ
WB450,CRJ
WB460,CRJ
CZ633,330
EK721,773
SA180,320
TK607,330
ET306,738
KQ101,773
KQ113,788
KQ211,788
KQ251,737
KQ257,738
KQ263,737
KQ265,E90
KQ305,738
KQ331,E90
KQ413,E90
KQ467,E90
KQ481,E90
KQ499,E90
KQ505,738
KQ603,737
KQ625,737
KQ640D.,E90
KQ643,E90
KQ706,E90
KQ709,E90
KQ726,E90
KQ734,E90
KQ741,E90
KQ761,E90
KQ771,737
KQ780,E90
KQ8603,AT7
KQ8605,73J
KQ8607,73J
KQ861,788
KQ8611,AT7
KQ8613,AT7
KQ8653,AT7
KQ8655.,AT7
KQ871,788
PW713,AT7
TM4460,E90
WB450,737
WB452,Q40
KQ503,738